Job Title,Job Location,Job URL,Company Name
"PHP Fullstack Engineer (Laravel)","Latin America Only/Europe Only/UK Only","https://weworkremotely.com/remote-jobs/prep-kitchen-php-fullstack-engineer-laravel","Prep Kitchen"
"FlutterFlow Developer Needed for App Issue Resolution","USA Only","https://weworkremotely.com/remote-jobs/contra-flutterflow-developer-needed-for-app-issue-resolution","Contra"
"Senior React.js & Ruby Developer","Latin America Only/Europe Only/UK Only/Canada Only/Asia Only/Oceania Only","https://weworkremotely.com/remote-jobs/lemon-io-senior-react-js-ruby-developer","Lemon.io"
"Senior Full Stack Developer","USA Only/Europe Only/Canada Only","https://weworkremotely.com/remote-jobs/niceboard-senior-full-stack-developer","Niceboard"
"Senior Developer","Anywhere in the World","https://weworkremotely.com/remote-jobs/plazas-senior-developer","Plazas"
"Senior Ruby on Rails Developer","Latin America Only/Europe Only/EMEA Only","https://weworkremotely.com/remote-jobs/proxify-ab-senior-ruby-on-rails-developer","Proxify AB"
"Full Stack Engineer - Full Time","Anywhere in the World","https://weworkremotely.com/remote-jobs/idverse-ocr-labs-full-stack-engineer-full-time","IDVerse / OCR Labs"
"Senior Full-stack React & Python Developer","Latin America Only/Europe Only/UK Only/Canada Only/Asia Only/Oceania Only","https://weworkremotely.com/remote-jobs/lemon-io-senior-full-stack-react-python-developer","Lemon.io"
"Part Time Full Stack Engineer","Anywhere in the World","https://weworkremotely.com/remote-jobs/aiapply-co-part-time-full-stack-engineer","AiApply.co"
"Part-Time Full Stack Engineer","Anywhere in the World","https://weworkremotely.com/remote-jobs/contra-part-time-full-stack-engineer-1","Contra"
"React/Node Fullstack Developer","Latin America Only/Europe Only/EMEA Only/Asia Only","https://weworkremotely.com/remote-jobs/clouddevs-react-node-fullstack-developer-3","CloudDevs"
"Remote Full-Stack TypeScript Engineer","Anywhere in the World","https://weworkremotely.com/remote-jobs/pillser-remote-full-stack-typescript-engineer","Pillser"
"Full Remote：Bio & Pathology Image Analysis Sr Full Stack Dev","Anywhere in the World","https://weworkremotely.com/remote-jobs/lifeanalytics-full-remote-bio-pathology-image-analysis-sr-full-stack-dev","LifeAnalytics"
"Full Stack TypeScript Developer - Emergency Response Software","Europe Only","https://weworkremotely.com/remote-jobs/d4h-full-stack-typescript-developer-emergency-response-software","D4H"
"Senior PHP/Laravel Developer - Full-Stack","Anywhere in the World","https://weworkremotely.com/remote-jobs/interaction-design-foundation-ixdf-senior-php-laravel-developer-full-stack","Interaction Design Foundation - IxDF"
"Fullstack .NET MVC Developer","USA Only/North America Only/Latin America Only/Americas Only/Europe Only/UK Only/Canada Only/EMEA Only/Oceania Only","https://weworkremotely.com/remote-jobs/clouddevs-fullstack-net-mvc-developer","CloudDevs"
"Full Stack Ruby Engineer","USA Only","https://weworkremotely.com/remote-jobs/openplay-full-stack-ruby-engineer","OpenPlay"
"Senior iOS Developer","EMEA Only","https://weworkremotely.com/remote-jobs/storyteller-senior-ios-developer-2","Storyteller"
"Junior Software Engineer (Full-time contract, 40+hr/wk) Live","","","miniExtensions"
"Senior Full-Stack .NET developer","Anywhere in the World","https://weworkremotely.com/remote-jobs/wordwall-senior-full-stack-net-developer-11","Wordwall"
"Senior Full-stack JS Developer","Europe Only/EMEA Only","https://weworkremotely.com/remote-jobs/cobbleweb-senior-full-stack-js-developer-9","CobbleWeb"
"Full-Stack Wordpress Developer","Anywhere in the World","https://weworkremotely.com/remote-jobs/bbe-marketing-inc-full-stack-wordpress-developer-12","BBE Marketing Inc"
"Senior Full-stack PHP Developer","Europe Only/EMEA Only","https://weworkremotely.com/remote-jobs/cobbleweb-senior-full-stack-php-developer-10","CobbleWeb"
"Senior .NET Developer","Europe Only/UK Only","https://weworkremotely.com/remote-jobs/storyteller-senior-net-developer","Storyteller"
"Electron Developer","Anywhere in the World","https://weworkremotely.com/remote-jobs/cullen-kelly-color-electron-developer","Cullen Kelly Color"
"Course Development Engineer","Europe Only","https://weworkremotely.com/remote-jobs/codesignal-course-development-engineer","CodeSignal"
"Exceptional Generalist","Anywhere in the World","https://weworkremotely.com/remote-jobs/automattic-exceptional-generalist","Automattic"
"Senior Fullstack Engineer (Ruby/Rails)","Anywhere in the World","https://weworkremotely.com/remote-jobs/timezest-senior-fullstack-engineer-ruby-rails-2","TimeZest"
"Tech Lead","Americas Only/Europe Only","https://weworkremotely.com/remote-jobs/customs-info-tech-lead","Customs Info"
"Senior Software Engineer","USA Only","https://weworkremotely.com/remote-jobs/zuub-senior-software-engineer","Zuub"
"Full-Stack Software Developer","USA Only","https://weworkremotely.com/remote-jobs/apex-hosting-llc-full-stack-software-developer","Apex Hosting LLC"
"WordPress Developer Wanted!","Anywhere in the World","https://weworkremotely.com/remote-jobs/on-the-map-wordpress-developer-wanted","On The Map"
"Senior Independent Software Developer ($90-$170/hr)","Anywhere in the World","https://weworkremotely.com/remote-jobs/a-team-senior-independent-software-developer-90-170-hr","A.Team"
"Full-Stack Ruby on Rails Developer","Europe Only/UK Only/Africa Only","https://weworkremotely.com/remote-jobs/designfiles-full-stack-ruby-on-rails-developer-4","DesignFiles"
"Senior Full Stack Engineer (Rails/Nuxt, 100% Remote)","Anywhere in the World","https://weworkremotely.com/remote-jobs/legalnature-senior-full-stack-engineer-rails-nuxt-100-remote","LegalNature"
"Senior Java/Web Developer (Remote 4 day, 32 hour work week)","USA Only","https://weworkremotely.com/remote-jobs/spider-strategies-senior-java-web-developer-remote-4-day-32-hour-work-week","Spider Strategies"
"Cloud Engineer","Europe Only","https://weworkremotely.com/remote-jobs/magnolia-international-ltd-cloud-engineer","Magnolia International Ltd."
"Intermediate Software Developer","Anywhere in the World","https://weworkremotely.com/remote-jobs/baxenergy-intermediate-software-developer","BaxEnergy"
"Senior Open Source Developer & DevOps (Python, Django, React, AWS/Kubernetes)","Anywhere in the World","https://weworkremotely.com/remote-jobs/opencraft-senior-open-source-developer-devops-python-django-react-aws-kubernetes","OpenCraft"
"WHMCS Web Development Team Lead","Europe Only/Asia Only","https://weworkremotely.com/remote-jobs/rapidseedbox-ltd-whmcs-web-development-team-lead","RapidSeedbox Ltd"
"Senior Shopify Developer (Remote + Flexible)","Anywhere in the World","https://weworkremotely.com/remote-jobs/storetasker-senior-shopify-developer-remote-flexible-3","Storetasker"
"Cloud SysAdmin/DevOps (Remote, Contractor or Employment)","Anywhere in the World","https://weworkremotely.com/remote-jobs/cdata-virtuality-cloud-sysadmin-devops-remote-contractor-or-employment","CData Virtuality"
"Fullstack Developer","Europe Only","https://weworkremotely.com/remote-jobs/digismoothie-s-r-o-fullstack-developer","Digismoothie s.r.o."
"Senior Full Stack Software Developer","USA Only","https://weworkremotely.com/remote-jobs/evident-change-senior-full-stack-software-developer","Evident Change"
"WordPress Lead Developer","Anywhere in the World","https://weworkremotely.com/remote-jobs/strategy11-wordpress-lead-developer","Strategy11"
"Middle/Senior Software Engineer (Typescript) - Europe","Europe Only","https://weworkremotely.com/remote-jobs/rollstack-middle-senior-software-engineer-typescript-europe","Rollstack"
"Full Stack Developer (Drupal & WordPress) for Social Impact Design Agency (Remote, Time Zones: Americas ONLY)","Americas Only","https://weworkremotely.com/remote-jobs/constructive-full-stack-developer-drupal-wordpress-for-social-impact-design-agency-remote-time-zones","Constructive"
"Senior Full-Stack Engineer","Europe Only","https://weworkremotely.com/remote-jobs/nordhealth-senior-full-stack-engineer","Nordhealth"
"Ruby on Rails Engineer with Shopify App Experience","Anywhere in the World","https://weworkremotely.com/remote-jobs/rivo-commerce-ruby-on-rails-engineer-with-shopify-app-experience","Rivo Commerce"
"Senior Software Engineer","Europe Only/UK Only","https://weworkremotely.com/remote-jobs/pinpoint-senior-software-engineer","Pinpoint"
"Full Stack (React/Python) Developer","Canada Only","https://weworkremotely.com/remote-jobs/input-logic-full-stack-react-python-developer","Input Logic"
"Senior Backend Developer SaaS","Anywhere in the World","https://weworkremotely.com/remote-jobs/cdata-virtuality-senior-backend-developer-saas","CData Virtuality"
"Senior Frontend Developer (React.js+Next.js)","Latin America Only/Europe Only/EMEA Only","https://weworkremotely.com/remote-jobs/proxify-ab-senior-frontend-developer-react-js-next-js","Proxify AB"
"Senior WordPress Developer","Latin America Only/Europe Only/EMEA Only","https://weworkremotely.com/remote-jobs/proxify-ab-senior-wordpress-developer-1","Proxify AB"
"Senior Flutter Developer","Latin America Only/Europe Only/EMEA Only","https://weworkremotely.com/remote-jobs/proxify-ab-senior-flutter-developer-1","Proxify AB"
"Founding Frontend Engineer","Anywhere in the World","https://weworkremotely.com/remote-jobs/starbridge-ai-founding-frontend-engineer","Starbridge AI"
"Senior Frontend Engineer (f/m/d)","Europe Only","https://weworkremotely.com/remote-jobs/perspective-co-senior-frontend-engineer-f-m-d","Perspective.co"
"Senior Software Engineer (Front End)","USA Only","https://weworkremotely.com/remote-jobs/manifold-senior-software-engineer-front-end","Manifold"
"Developer Advocate (CKEditor Team)","Europe Only","https://weworkremotely.com/remote-jobs/tiugo-technologies-developer-advocate-ckeditor-team","Tiugo Technologies"
"Product Design Engineer","Anywhere in the World","https://weworkremotely.com/remote-jobs/metalabel-product-design-engineer","Metalabel"
"Senior Software Engineer, Web","Anywhere in the World","https://weworkremotely.com/remote-jobs/speechify-inc-senior-software-engineer-web","Speechify Inc"
"Frontend Developer / Engineer for an AI Tech Chatbot Called Clepher","Latin America Only/EMEA Only/Asia Only/Africa Only","https://weworkremotely.com/remote-jobs/clepher-frontend-developer-engineer-for-an-ai-tech-chatbot-called-clepher-1","Clepher"
"Senior/Staff Software Engineer - Backend/Python - USA (100% Remote)","USA Only","https://weworkremotely.com/remote-jobs/close-senior-staff-software-engineer-backend-python-usa-100-remote-3","Close"
"Software Engineer (Backend)","Anywhere in the World","https://weworkremotely.com/remote-jobs/sticker-mule-software-engineer-backend-2","Sticker Mule"
"Mid-Senior Ruby on Rails developer","Europe Only","https://weworkremotely.com/remote-jobs/quickmail-mid-senior-ruby-on-rails-developer","QuickMail"
"Full Stack Developer","EMEA Only","https://weworkremotely.com/remote-jobs/onthegosystems-full-stack-developer-2","OnTheGoSystems"
"Ruby on Rails Developer","EMEA Only","https://weworkremotely.com/remote-jobs/onthegosystems-ruby-on-rails-developer-5","OnTheGoSystems"
"Senior Backend Engineer - Java/Kotlin","Anywhere in the World","https://weworkremotely.com/remote-jobs/starbridge-senior-backend-engineer-java-kotlin","Starbridge"
"Senior Software Engineer | Ecommerce dev-tool startup","Anywhere in the World","https://weworkremotely.com/remote-jobs/medusa-senior-software-engineer-ecommerce-dev-tool-startup","Medusa"
"Software Engineer","Europe Only","https://weworkremotely.com/remote-jobs/paymentology-software-engineer-3","Paymentology"
"Senior Java Engineer","USA Only/North America Only/Latin America Only/Americas Only/Europe Only","https://weworkremotely.com/remote-jobs/scripta-insights-senior-java-engineer","Scripta Insights"
"Senior PHP/Laravel Developer - DevOps and Cloud Specialist","Anywhere in the World","https://weworkremotely.com/remote-jobs/interaction-design-foundation-ixdf-senior-php-laravel-developer-devops-and-cloud-specialist","Interaction Design Foundation - IxDF"
"Senior PHP/Laravel Developer - Security Specialist ","Anywhere in the World","https://weworkremotely.com/remote-jobs/interaction-design-foundation-ixdf-senior-php-laravel-developer-security-specialist","Interaction Design Foundation - IxDF"
"Senior PHP/Laravel Developer","Anywhere in the World","https://weworkremotely.com/remote-jobs/interaction-design-foundation-ixdf-senior-php-laravel-developer","Interaction Design Foundation - IxDF"
"Backend Engineer","Latin America Only","https://weworkremotely.com/remote-jobs/gotu-technology-inc-backend-engineer","GoTu Technology, Inc."
"Senior Backend Engineer","Anywhere in the World","https://weworkremotely.com/remote-jobs/toggl-senior-backend-engineer-2","Toggl"
"Senior Laravel Backend Developer– Cyprus","Europe Only","https://weworkremotely.com/remote-jobs/xm-senior-laravel-backend-developer-cyprus","XM"
"Senior Back-End Engineer","Anywhere in the World","https://weworkremotely.com/remote-jobs/float-senior-back-end-engineer","Float"
"Senior GO Developer (DIstributed System, blockchain)","Anywhere in the World","https://weworkremotely.com/remote-jobs/swarm-foundation-senior-go-developer-distributed-system-blockchain","Swarm Foundation"
"Principal Java Software Engineer","USA Only/North America Only","https://weworkremotely.com/remote-jobs/teamworks-principal-java-software-engineer","Teamworks"
"Senior Backend Developer","Anywhere in the World","https://weworkremotely.com/remote-jobs/baxenergy-senior-backend-developer","BaxEnergy"
"Site Reliability Engineer","Anywhere in the World","https://weworkremotely.com/remote-jobs/sticker-mule-site-reliability-engineer-1","Sticker Mule"
"Senior Backend Engineer, Tech Lead","Latin America Only/Europe Only","https://weworkremotely.com/remote-jobs/golance-senior-backend-engineer-tech-lead","goLance"
"Senior Backend Developer","Anywhere in the World","https://weworkremotely.com/remote-jobs/musicx-senior-backend-developer","MusicX"
"Senior Software Engineer, Full Stack","Anywhere in the World","https://weworkremotely.com/remote-jobs/doximity-senior-software-engineer-full-stack","Doximity"
"Senior PHP Web Developers","Anywhere in the World","https://weworkremotely.com/remote-jobs/xm-senior-php-web-developers-2","XM"
"Software Engineer","Latin America Only/Europe Only","https://weworkremotely.com/remote-jobs/semaphore-software-engineer-3","Semaphore"
